time,phase,subphase,repetition,input_lag,negative_partitions,scrape_up,scrape_seconds,source_age_seconds
1789416115.5,Running,PreChaosMeasurement,0,17743.0,0.0,1.0,0.194971561,3.5920000076293945
1789416120.5,Running,PreChaosMeasurement,0,16410.0,0.0,1.0,0.20484428,3.5920000076293945
1789416125.5,Running,PreChaosMeasurement,0,13678.0,0.0,1.0,0.197134224,3.5920000076293945
1789416130.5,Running,PreChaosMeasurement,0,13683.0,0.0,1.0,0.181960886,3.5920000076293945
1789416135.5,Running,PreChaosMeasurement,0,16414.0,0.0,1.0,0.194916939,3.5920000076293945
1789416140.5,Running,PreChaosMeasurement,0,15223.0,0.0,1.0,0.208352103,3.5920000076293945
1789416145.5,Running,PreChaosMeasurement,0,17420.0,0.0,1.0,0.193463827,3.5920000076293945
1789416150.5,Running,PreChaosMeasurement,0,12515.0,0.0,1.0,0.18835605,3.5920000076293945
1789416155.5,Running,PreChaosMeasurement,0,17518.0,0.0,1.0,0.197712366,3.5920000076293945
1789416160.5,Running,PreChaosMeasurement,0,21999.0,0.0,1.0,0.186915142,3.5920000076293945
1789416165.5,Running,PreChaosMeasurement,0,17398.0,0.0,1.0,0.190542329,3.5920000076293945
1789416170.5,Running,PreChaosMeasurement,0,21871.0,0.0,1.0,0.175959405,3.5920000076293945
1789416175.5,Running,PreChaosMeasurement,0,17326.0,0.0,1.0,0.203345304,3.5920000076293945
1789416180.5,Running,PreChaosMeasurement,0,21602.0,0.0,1.0,0.196252654,3.5920000076293945
1789416185.5,Running,PreChaosMeasurement,0,15742.0,0.0,1.0,0.183005696,3.5920000076293945
1789416190.5,Running,PreChaosMeasurement,0,19926.0,0.0,1.0,0.196454395,3.5920000076293945
1789416195.5,Running,PreChaosMeasurement,0,22423.0,0.0,1.0,0.197858542,3.5920000076293945
1789416200.5,Running,PreChaosMeasurement,0,18855.0,0.0,1.0,0.22507261,3.5920000076293945
1789416205.5,Running,PreChaosMeasurement,0,23257.0,0.0,1.0,0.199435278,3.5920000076293945
1789416210.5,Running,PreChaosMeasurement,0,16353.0,0.0,1.0,0.188336833,3.5920000076293945
1789416215.5,Running,PreChaosMeasurement,0,21587.0,0.0,1.0,0.405452756,3.5920000076293945
1789416220.5,Running,PreChaosMeasurement,0,26340.0,0.0,1.0,0.184961118,3.5920000076293945
1789416225.5,Running,PreChaosMeasurement,0,20915.0,0.0,1.0,0.399095389,3.5920000076293945
1789416230.5,Running,PreChaosMeasurement,0,24424.0,0.0,1.0,0.175695131,3.5920000076293945
1789416235.5,Running,PreChaosMeasurement,0,28225.0,0.0,1.0,0.184790852,3.5920000076293945
1789416240.5,Running,PreChaosMeasurement,0,22742.0,0.0,1.0,0.615018041,3.5920000076293945
1789416245.5,Running,PreChaosMeasurement,0,27340.0,0.0,1.0,0.194430427,3.5920000076293945
1789416250.5,Running,PreChaosMeasurement,0,21556.0,0.0,1.0,0.612303648,3.5920000076293945
1789416255.5,Running,PreChaosMeasurement,0,23130.0,0.0,1.0,0.198102441,3.5920000076293945
1789416260.5,Running,PreChaosMeasurement,0,19573.0,0.0,1.0,0.201764122,3.5920000076293945
1789416265.5,Running,ChaosMeasurement,0,19797.0,0.0,1.0,0.194831224,3.5920000076293945
1789416270.5,Running,ChaosMeasurement,0,24785.0,0.0,1.0,0.182486933,3.5920000076293945
1789416275.5,Running,ChaosMeasurement,0,29791.0,0.0,1.0,0.191565348,3.5920000076293945
1789416280.5,Running,ChaosMeasurement,0,34807.0,0.0,1.0,0.201626494,3.5920000076293945
1789416285.5,Running,ChaosMeasurement,0,38881.0,0.0,1.0,0.187811483,3.5920000076293945
1789416290.5,Running,ChaosMeasurement,0,37243.0,0.0,1.0,0.178083812,3.5920000076293945
1789416295.5,Running,ChaosMeasurement,0,42278.0,0.0,1.0,0.199500065,3.5920000076293945
1789416300.5,Running,ChaosMeasurement,0,45162.0,0.0,1.0,0.197791537,3.5920000076293945
1789416305.5,Running,ChaosMeasurement,0,48801.0,0.0,1.0,0.205407011,3.5920000076293945
1789416310.5,Running,ChaosMeasurement,0,52468.0,0.0,1.0,0.183990641,3.5920000076293945
1789416315.5,Running,ChaosMeasurement,0,57502.0,0.0,1.0,0.200881468,3.5920000076293945
1789416320.5,Running,ChaosMeasurement,0,62477.0,0.0,1.0,0.197506594,3.5920000076293945
1789416325.5,Running,ChaosMeasurement,0,67481.0,0.0,1.0,0.186799709,3.5920000076293945
1789416330.5,Running,ChaosMeasurement,0,72470.0,0.0,1.0,0.18053397,3.5920000076293945
1789416335.5,Running,ChaosMeasurement,0,67233.0,0.0,1.0,0.204914766,3.5920000076293945
1789416340.5,Running,ChaosMeasurement,0,72208.0,0.0,1.0,0.18486412,3.5920000076293945
1789416345.5,Running,ChaosMeasurement,0,63851.0,0.0,1.0,0.193126588,3.5920000076293945
1789416350.5,Running,ChaosMeasurement,0,66574.0,0.0,1.0,0.186644223,3.5920000076293945
1789416355.5,Running,ChaosMeasurement,0,65132.0,0.0,1.0,0.181832242,3.5920000076293945
1789416360.5,Running,ChaosMeasurement,0,70115.0,0.0,1.0,0.175002805,3.5920000076293945
1789416365.5,Running,ChaosMeasurement,0,75547.0,0.0,1.0,0.619157612,3.5920000076293945
1789416370.5,Running,ChaosMeasurement,0,80126.0,0.0,1.0,0.182634154,3.5920000076293945
1789416375.5,Running,ChaosMeasurement,0,85132.0,0.0,1.0,0.183486856,3.5920000076293945
1789416380.5,Running,ChaosMeasurement,0,90104.0,0.0,1.0,0.161034915,3.5920000076293945
